id,retailer_id,pincode,city,state_name,store_name
r_0,0,78799,Not available,Not available,Not available
r_1,1,78800,Not available,Not available,Not available
r_2,2,78801,Not available,Not available,Not available
r_3,3,78802,Not available,Not available,Not available
r_4,4,78803,Not available,Not available,Not available
r_5,5,78804,Not available,Not available,Not available
r_6,6,78805,Not available,Not available,Not available
r_7,7,78806,Not available,Not available,Not available
r_8,8,78807,Not available,Not available,Not available
r_9,9,78808,Not available,Not available,Not available
r_10,10,78809,Not available,Not available,Not available
r_11,11,78810,Not available,Not available,Not available
r_12,12,78811,Not available,Not available,Not available
r_13,13,78812,Not available,Not available,Not available
r_14,14,78813,Not available,Not available,Not available
r_15,15,78814,Not available,Not available,Not available
r_16,16,78815,Not available,Not available,Not available
r_17,17,78816,Not available,Not available,Not available
r_18,18,78817,Not available,Not available,Not available
r_19,19,78818,Not available,Not available,Not available
r_20,20,78819,Not available,Not available,Not available
r_21,21,78820,Not available,Not available,Not available
r_22,22,78821,Not available,Not available,Not available
r_23,23,78822,Not available,Not available,Not available
r_24,24,78823,Not available,Not available,Not available
r_25,25,78824,Not available,Not available,Not available
r_26,26,78825,Not available,Not available,Not available
r_27,27,78826,Not available,Not available,Not available
r_28,28,78827,Not available,Not available,Not available
r_29,29,78828,Not available,Not available,Not available
r_30,30,78829,Not available,Not available,Not available
r_31,31,78830,Not available,Not available,Not available
r_32,32,78831,Not available,Not available,Not available
r_33,33,78832,Not available,Not available,Not available
r_34,34,78833,Not available,Not available,Not available
r_35,35,78834,Not available,Not available,Not available
r_36,36,78835,Not available,Not available,Not available
r_37,37,78836,Not available,Not available,Not available
r_38,38,78837,Not available,Not available,Not available
r_39,39,78838,Not available,Not available,Not available
r_40,40,78839,Not available,Not available,Not available
r_41,41,78840,Not available,Not available,Not available
r_42,42,78841,Not available,Not available,Not available
r_43,43,78842,Not available,Not available,Not available
r_44,44,78843,Not available,Not available,Not available
r_45,45,78844,Not available,Not available,Not available
r_46,46,78845,Not available,Not available,Not available
r_47,47,78846,Not available,Not available,Not available
r_48,48,78847,Not available,Not available,Not available
r_49,49,78848,Not available,Not available,Not available
r_50,50,78849,Not available,Not available,Not available
r_51,51,78850,Not available,Not available,Not available
r_52,52,78851,Not available,Not available,Not available
r_53,53,78852,Not available,Not available,Not available
r_54,54,78853,Not available,Not available,Not available
r_55,55,78854,Not available,Not available,Not available
r_56,56,78855,Not available,Not available,Not available
r_57,57,78856,Not available,Not available,Not available
r_58,58,78857,Not available,Not available,Not available
r_59,59,78858,Not available,Not available,Not available
r_60,60,78859,Not available,Not available,Not available
r_61,61,78860,Not available,Not available,Not available
r_62,62,78861,Not available,Not available,Not available
r_63,63,78862,Not available,Not available,Not available
r_64,64,78863,Not available,Not available,Not available
r_65,65,78864,Not available,Not available,Not available
r_66,66,78865,Not available,Not available,Not available
r_67,67,78866,Not available,Not available,Not available
r_68,68,78867,Not available,Not available,Not available
r_69,69,78868,Not available,Not available,Not available
r_70,70,78869,Not available,Not available,Not available
r_71,71,78870,Not available,Not available,Not available
r_72,72,78871,Not available,Not available,Not available
r_73,73,78872,Not available,Not available,Not available
r_74,74,78873,Not available,Not available,Not available
r_75,75,78874,Not available,Not available,Not available
r_76,76,78875,Not available,Not available,Not available
r_77,77,78876,Not available,Not available,Not available
r_78,78,78877,Not available,Not available,Not available
r_79,79,78878,Not available,Not available,Not available
r_80,80,78879,Not available,Not available,Not available
r_81,81,78880,Not available,Not available,Not available
r_82,82,78881,Not available,Not available,Not available
r_83,83,78882,Not available,Not available,Not available
r_84,84,78883,Not available,Not available,Not available
r_85,85,78884,Not available,Not available,Not available
r_86,86,78885,Not available,Not available,Not available
r_87,87,78886,Not available,Not available,Not available
r_88,88,78887,Not available,Not available,Not available
r_89,89,78888,Not available,Not available,Not available
r_90,90,78889,Not available,Not available,Not available
r_91,91,78890,Not available,Not available,Not available
r_92,92,78891,Not available,Not available,Not available
r_93,93,78892,Not available,Not available,Not available
r_94,94,78893,Not available,Not available,Not available
r_95,95,78894,Not available,Not available,Not available
r_96,96,78895,Not available,Not available,Not available
r_97,97,78896,Not available,Not available,Not available
r_98,98,78897,Not available,Not available,Not available
r_99,99,78898,Not available,Not available,Not available
r_100,100,78899,Not available,Not available,Not available
r_101,101,78900,Not available,Not available,Not available
r_102,102,78901,Not available,Not available,Not available
r_103,103,78902,Not available,Not available,Not available
r_104,104,78903,Not available,Not available,Not available
r_105,105,78904,Not available,Not available,Not available
r_106,106,78905,Not available,Not available,Not available
r_107,107,78906,Not available,Not available,Not available
r_108,108,78907,Not available,Not available,Not available
r_109,109,78908,Not available,Not available,Not available
r_110,110,78909,Not available,Not available,Not available
r_111,111,78910,Not available,Not available,Not available
r_112,112,78911,Not available,Not available,Not available
r_113,113,78912,Not available,Not available,Not available
r_114,114,78913,Not available,Not available,Not available
r_115,115,78914,Not available,Not available,Not available
r_116,116,78915,Not available,Not available,Not available
r_117,117,78916,Not available,Not available,Not available
r_118,118,78917,Not available,Not available,Not available
r_119,119,78918,Not available,Not available,Not available
r_120,120,78919,Not available,Not available,Not available
r_121,121,78920,Not available,Not available,Not available
r_122,122,78921,Not available,Not available,Not available
r_123,123,78922,Not available,Not available,Not available
r_124,124,78923,Not available,Not available,Not available
r_125,125,78924,Not available,Not available,Not available
r_126,126,78925,Not available,Not available,Not available
r_127,127,78926,Not available,Not available,Not available
r_128,128,78927,Not available,Not available,Not available
r_129,129,78928,Not available,Not available,Not available
r_130,130,78929,Not available,Not available,Not available
r_131,131,78930,Not available,Not available,Not available
r_132,132,78931,Not available,Not available,Not available
r_133,133,78932,Not available,Not available,Not available
r_134,134,78933,Not available,Not available,Not available
r_135,135,78934,Not available,Not available,Not available
r_136,136,78935,Not available,Not available,Not available
r_137,137,78936,Not available,Not available,Not available
r_138,138,78937,Not available,Not available,Not available
r_139,139,78938,Not available,Not available,Not available
r_140,140,78939,Not available,Not available,Not available
r_141,141,78940,Not available,Not available,Not available
r_142,142,78941,Not available,Not available,Not available
r_143,143,78942,Not available,Not available,Not available
r_144,144,78943,Not available,Not available,Not available
r_145,145,78944,Not available,Not available,Not available
r_146,146,78945,Not available,Not available,Not available
r_147,147,78946,Not available,Not available,Not available
r_148,148,78947,Not available,Not available,Not available
r_149,149,78948,Not available,Not available,Not available
r_150,150,78949,Not available,Not available,Not available
r_151,151,78950,Not available,Not available,Not available
r_152,152,78951,Not available,Not available,Not available
r_153,153,78952,Not available,Not available,Not available
r_154,154,78953,Not available,Not available,Not available
r_155,155,78954,Not available,Not available,Not available
r_156,156,78955,Not available,Not available,Not available
r_157,157,78956,Not available,Not available,Not available
r_158,158,78957,Not available,Not available,Not available
r_159,159,78958,Not available,Not available,Not available
r_160,160,78959,Not available,Not available,Not available
r_161,161,78960,Not available,Not available,Not available
r_162,162,78961,Not available,Not available,Not available
r_163,163,78962,Not available,Not available,Not available
r_164,164,78963,Not available,Not available,Not available
r_165,165,78964,Not available,Not available,Not available
r_166,166,78965,Not available,Not available,Not available
r_167,167,78966,Not available,Not available,Not available
r_168,168,78967,Not available,Not available,Not available
r_169,169,78968,Not available,Not available,Not available
r_170,170,78969,Not available,Not available,Not available
r_171,171,78970,Not available,Not available,Not available
r_172,172,78971,Not available,Not available,Not available
r_173,173,78972,Not available,Not available,Not available
r_174,174,78973,Not available,Not available,Not available
r_175,175,78974,Not available,Not available,Not available
r_176,176,78975,Not available,Not available,Not available
r_177,177,78976,Not available,Not available,Not available
r_178,178,78977,Not available,Not available,Not available
r_179,179,78978,Not available,Not available,Not available
r_180,180,78979,Not available,Not available,Not available
r_181,181,78980,Not available,Not available,Not available
r_182,182,78981,Not available,Not available,Not available
r_183,183,78982,Not available,Not available,Not available
r_184,184,78983,Not available,Not available,Not available
r_185,185,78984,Not available,Not available,Not available
r_186,186,78985,Not available,Not available,Not available
r_187,187,78986,Not available,Not available,Not available
r_188,188,78987,Not available,Not available,Not available
r_189,189,78988,Not available,Not available,Not available
r_190,190,78989,Not available,Not available,Not available
r_191,191,78990,Not available,Not available,Not available
r_192,192,78991,Not available,Not available,Not available
r_193,193,78992,Not available,Not available,Not available
r_194,194,78993,Not available,Not available,Not available
r_195,195,78994,Not available,Not available,Not available
r_196,196,78995,Not available,Not available,Not available
r_197,197,78996,Not available,Not available,Not available
r_198,198,78997,Not available,Not available,Not available
r_199,199,78998,Not available,Not available,Not available
r_200,200,78999,Not available,Not available,Not available
r_201,201,79000,Not available,Not available,Not available
r_202,202,79001,Not available,Not available,Not available
r_203,203,79002,Not available,Not available,Not available
r_204,204,79003,Not available,Not available,Not available
r_205,205,79004,Not available,Not available,Not available
r_206,206,79005,Not available,Not available,Not available
r_207,207,79006,Not available,Not available,Not available
r_208,208,79007,Not available,Not available,Not available
r_209,209,79008,Not available,Not available,Not available
r_210,210,79009,Not available,Not available,Not available
r_211,211,79010,Not available,Not available,Not available
r_212,212,79011,Not available,Not available,Not available
r_213,213,79012,Not available,Not available,Not available
r_214,214,79013,Not available,Not available,Not available
r_215,215,79014,Not available,Not available,Not available
r_216,216,79015,Not available,Not available,Not available
r_217,217,79016,Not available,Not available,Not available
r_218,218,79017,Not available,Not available,Not available
r_219,219,79018,Not available,Not available,Not available
r_220,220,79019,Not available,Not available,Not available
r_221,221,79020,Not available,Not available,Not available
r_222,222,79021,Not available,Not available,Not available
r_223,223,79022,Not available,Not available,Not available
r_224,224,79023,Not available,Not available,Not available
r_225,225,79024,Not available,Not available,Not available
r_226,226,79025,Not available,Not available,Not available
r_227,227,79026,Not available,Not available,Not available
r_228,228,79027,Not available,Not available,Not available
r_229,229,79028,Not available,Not available,Not available
r_230,230,79029,Not available,Not available,Not available
r_231,231,79030,Not available,Not available,Not available
r_232,232,79031,Not available,Not available,Not available
r_233,233,79032,Not available,Not available,Not available
r_234,234,79033,Not available,Not available,Not available
r_235,235,79034,Not available,Not available,Not available
r_236,236,79035,Not available,Not available,Not available
r_237,237,79036,Not available,Not available,Not available
r_238,238,79037,Not available,Not available,Not available
r_239,239,79038,Not available,Not available,Not available
r_240,240,79039,Not available,Not available,Not available
r_241,241,79040,Not available,Not available,Not available
r_242,242,79041,Not available,Not available,Not available
r_243,243,79042,Not available,Not available,Not available
r_244,244,79043,Not available,Not available,Not available
r_245,245,79044,Not available,Not available,Not available
r_246,246,79045,Not available,Not available,Not available
r_247,247,79046,Not available,Not available,Not available
r_248,248,79047,Not available,Not available,Not available
r_249,249,79048,Not available,Not available,Not available
r_250,250,79049,Not available,Not available,Not available
r_251,251,79050,Not available,Not available,Not available
r_252,252,79051,Not available,Not available,Not available
r_253,253,79052,Not available,Not available,Not available
r_254,254,79053,Not available,Not available,Not available
r_255,255,79054,Not available,Not available,Not available
r_256,256,79055,Not available,Not available,Not available
r_257,257,79056,Not available,Not available,Not available
r_258,258,79057,Not available,Not available,Not available
r_259,259,79058,Not available,Not available,Not available
r_260,260,79059,Not available,Not available,Not available
r_261,261,79060,Not available,Not available,Not available
r_262,262,79061,Not available,Not available,Not available
r_263,263,79062,Not available,Not available,Not available
r_264,264,79063,Not available,Not available,Not available
r_265,265,79064,Not available,Not available,Not available
r_266,266,79065,Not available,Not available,Not available
r_267,267,79066,Not available,Not available,Not available
r_268,268,79067,Not available,Not available,Not available
r_269,269,79068,Not available,Not available,Not available
r_270,270,79069,Not available,Not available,Not available
r_271,271,79070,Not available,Not available,Not available
r_272,272,79071,Not available,Not available,Not available
r_273,273,79072,Not available,Not available,Not available
r_274,274,79073,Not available,Not available,Not available
r_275,275,79074,Not available,Not available,Not available
r_276,276,79075,Not available,Not available,Not available
r_277,277,79076,Not available,Not available,Not available
r_278,278,79077,Not available,Not available,Not available
r_279,279,79078,Not available,Not available,Not available
r_280,280,79079,Not available,Not available,Not available
r_281,281,79080,Not available,Not available,Not available
r_282,282,79081,Not available,Not available,Not available
r_283,283,79082,Not available,Not available,Not available
r_284,284,79083,Not available,Not available,Not available
r_285,285,79084,Not available,Not available,Not available
r_286,286,79085,Not available,Not available,Not available
r_287,287,79086,Not available,Not available,Not available
r_288,288,79087,Not available,Not available,Not available
r_289,289,79088,Not available,Not available,Not available
r_290,290,79089,Not available,Not available,Not available
r_291,291,79090,Not available,Not available,Not available
r_292,292,79091,Not available,Not available,Not available
r_293,293,79092,Not available,Not available,Not available
r_294,294,79093,Not available,Not available,Not available
r_295,295,79094,Not available,Not available,Not available
r_296,296,79095,Not available,Not available,Not available
r_297,297,79096,Not available,Not available,Not available
r_298,298,79097,Not available,Not available,Not available
r_299,299,79098,Not available,Not available,Not available
r_300,300,79099,Not available,Not available,Not available
r_301,301,79100,Not available,Not available,Not available
r_302,302,79101,Not available,Not available,Not available
r_303,303,79102,Not available,Not available,Not available
r_304,304,79103,Not available,Not available,Not available
r_305,305,79104,Not available,Not available,Not available
r_306,306,79105,Not available,Not available,Not available
r_307,307,79106,Not available,Not available,Not available
r_308,308,79107,Not available,Not available,Not available
r_309,309,79108,Not available,Not available,Not available
r_310,310,79109,Not available,Not available,Not available
r_311,311,79110,Not available,Not available,Not available
r_312,312,79111,Not available,Not available,Not available
r_313,313,79112,Not available,Not available,Not available
r_314,314,79113,Not available,Not available,Not available
r_315,315,79114,Not available,Not available,Not available
r_316,316,79115,Not available,Not available,Not available
r_317,317,79116,Not available,Not available,Not available
r_318,318,79117,Not available,Not available,Not available
r_319,319,79118,Not available,Not available,Not available
r_320,320,79119,Not available,Not available,Not available
r_321,321,79120,Not available,Not available,Not available
r_322,322,79121,Not available,Not available,Not available
r_323,323,79122,Not available,Not available,Not available
r_324,324,79123,Not available,Not available,Not available
r_325,325,79124,Not available,Not available,Not available
r_326,326,79125,Not available,Not available,Not available
r_327,327,79126,Not available,Not available,Not available
r_328,328,79127,Not available,Not available,Not available
r_329,329,79128,Not available,Not available,Not available
r_330,330,79129,Not available,Not available,Not available
r_331,331,79130,Not available,Not available,Not available
r_332,332,79131,Not available,Not available,Not available
r_333,333,79132,Not available,Not available,Not available
r_334,334,79133,Not available,Not available,Not available
r_335,335,79134,Not available,Not available,Not available
r_336,336,79135,Not available,Not available,Not available
r_337,337,79136,Not available,Not available,Not available
r_338,338,79137,Not available,Not available,Not available
r_339,339,79138,Not available,Not available,Not available
r_340,340,79139,Not available,Not available,Not available
r_341,341,79140,Not available,Not available,Not available
r_342,342,79141,Not available,Not available,Not available
r_343,343,79142,Not available,Not available,Not available
r_344,344,79143,Not available,Not available,Not available
r_345,345,79144,Not available,Not available,Not available
r_346,346,79145,Not available,Not available,Not available
r_347,347,79146,Not available,Not available,Not available
r_348,348,79147,Not available,Not available,Not available
r_349,349,79148,Not available,Not available,Not available
r_350,350,79149,Not available,Not available,Not available
r_351,351,79150,Not available,Not available,Not available
r_352,352,79151,Not available,Not available,Not available
r_353,353,79152,Not available,Not available,Not available
r_354,354,79153,Not available,Not available,Not available
r_355,355,79154,Not available,Not available,Not available
r_356,356,79155,Not available,Not available,Not available
r_357,357,79156,Not available,Not available,Not available
r_358,358,79157,Not available,Not available,Not available
r_359,359,79158,Not available,Not available,Not available
r_360,360,79159,Not available,Not available,Not available
r_361,361,79160,Not available,Not available,Not available
r_362,362,79161,Not available,Not available,Not available
r_363,363,79162,Not available,Not available,Not available
r_364,364,79163,Not available,Not available,Not available
r_365,365,79164,Not available,Not available,Not available
r_366,366,79165,Not available,Not available,Not available
r_367,367,79166,Not available,Not available,Not available
r_368,368,79167,Not available,Not available,Not available
r_369,369,79168,Not available,Not available,Not available
r_370,370,79169,Not available,Not available,Not available
r_371,371,79170,Not available,Not available,Not available
r_372,372,79171,Not available,Not available,Not available
r_373,373,79172,Not available,Not available,Not available
r_374,374,79173,Not available,Not available,Not available
r_375,375,79174,Not available,Not available,Not available
r_376,376,79175,Not available,Not available,Not available
r_377,377,79176,Not available,Not available,Not available
r_378,378,79177,Not available,Not available,Not available
r_379,379,79178,Not available,Not available,Not available
r_380,380,79179,Not available,Not available,Not available
r_381,381,79180,Not available,Not available,Not available
r_382,382,79181,Not available,Not available,Not available
r_383,383,79182,Not available,Not available,Not available
r_384,384,79183,Not available,Not available,Not available
r_385,385,79184,Not available,Not available,Not available
r_386,386,79185,Not available,Not available,Not available
r_387,387,79186,Not available,Not available,Not available
r_388,388,79187,Not available,Not available,Not available
r_389,389,79188,Not available,Not available,Not available
r_390,390,79189,Not available,Not available,Not available
r_391,391,79190,Not available,Not available,Not available
r_392,392,79191,Not available,Not available,Not available
r_393,393,79192,Not available,Not available,Not available
r_394,394,79193,Not available,Not available,Not available
r_395,395,79194,Not available,Not available,Not available
r_396,396,79195,Not available,Not available,Not available
r_397,397,79196,Not available,Not available,Not available
r_398,398,79197,Not available,Not available,Not available
r_399,399,79198,Not available,Not available,Not available
r_400,400,79199,Not available,Not available,Not available
r_401,401,79200,Not available,Not available,Not available
r_402,402,79201,Not available,Not available,Not available
r_403,403,79202,Not available,Not available,Not available
r_404,404,79203,Not available,Not available,Not available
r_405,405,79204,Not available,Not available,Not available
r_406,406,79205,Not available,Not available,Not available
r_407,407,79206,Not available,Not available,Not available
r_408,408,79207,Not available,Not available,Not available
r_409,409,79208,Not available,Not available,Not available
r_410,410,79209,Not available,Not available,Not available
r_411,411,79210,Not available,Not available,Not available
r_412,412,79211,Not available,Not available,Not available
r_413,413,79212,Not available,Not available,Not available
r_414,414,79213,Not available,Not available,Not available
r_415,415,79214,Not available,Not available,Not available
r_416,416,79215,Not available,Not available,Not available
r_417,417,79216,Not available,Not available,Not available
r_418,418,79217,Not available,Not available,Not available
r_419,419,79218,Not available,Not available,Not available
r_420,420,79219,Not available,Not available,Not available
r_421,421,79220,Not available,Not available,Not available
r_422,422,79221,Not available,Not available,Not available
r_423,423,79222,Not available,Not available,Not available
r_424,424,79223,Not available,Not available,Not available
r_425,425,79224,Not available,Not available,Not available
r_426,426,79225,Not available,Not available,Not available
r_427,427,79226,Not available,Not available,Not available
r_428,428,79227,Not available,Not available,Not available
r_429,429,79228,Not available,Not available,Not available
r_430,430,79229,Not available,Not available,Not available
r_431,431,79230,Not available,Not available,Not available
r_432,432,79231,Not available,Not available,Not available
r_433,433,79232,Not available,Not available,Not available
r_434,434,79233,Not available,Not available,Not available
r_435,435,79234,Not available,Not available,Not available
r_436,436,79235,Not available,Not available,Not available
r_437,437,79236,Not available,Not available,Not available
r_438,438,79237,Not available,Not available,Not available
r_439,439,79238,Not available,Not available,Not available
r_440,440,79239,Not available,Not available,Not available
r_441,441,79240,Not available,Not available,Not available
r_442,442,79241,Not available,Not available,Not available
r_443,443,79242,Not available,Not available,Not available
r_444,444,79243,Not available,Not available,Not available
r_445,445,79244,Not available,Not available,Not available
r_446,446,79245,Not available,Not available,Not available
r_447,447,79246,Not available,Not available,Not available
r_448,448,79247,Not available,Not available,Not available
r_449,449,79248,Not available,Not available,Not available
r_450,450,79249,Not available,Not available,Not available
r_451,451,79250,Not available,Not available,Not available
r_452,452,79251,Not available,Not available,Not available
r_453,453,79252,Not available,Not available,Not available
r_454,454,79253,Not available,Not available,Not available
r_455,455,79254,Not available,Not available,Not available
r_456,456,79255,Not available,Not available,Not available
r_457,457,79256,Not available,Not available,Not available
r_458,458,79257,Not available,Not available,Not available
r_459,459,79258,Not available,Not available,Not available
r_460,460,79259,Not available,Not available,Not available
r_461,461,79260,Not available,Not available,Not available
r_462,462,79261,Not available,Not available,Not available
r_463,463,79262,Not available,Not available,Not available
r_464,464,79263,Not available,Not available,Not available
r_465,465,79264,Not available,Not available,Not available
r_466,466,79265,Not available,Not available,Not available
r_467,467,79266,Not available,Not available,Not available
r_468,468,79267,Not available,Not available,Not available
r_469,469,79268,Not available,Not available,Not available
r_470,470,79269,Not available,Not available,Not available
r_471,471,79270,Not available,Not available,Not available
r_472,472,79271,Not available,Not available,Not available
r_473,473,79272,Not available,Not available,Not available
r_474,474,79273,Not available,Not available,Not available
r_475,475,79274,Not available,Not available,Not available
r_476,476,79275,Not available,Not available,Not available
r_477,477,79276,Not available,Not available,Not available
r_478,478,79277,Not available,Not available,Not available
r_479,479,79278,Not available,Not available,Not available
r_480,480,79279,Not available,Not available,Not available
r_481,481,79280,Not available,Not available,Not available
r_482,482,79281,Not available,Not available,Not available
r_483,483,79282,Not available,Not available,Not available
r_484,484,79283,Not available,Not available,Not available
r_485,485,79284,Not available,Not available,Not available
r_486,486,79285,Not available,Not available,Not available
r_487,487,79286,Not available,Not available,Not available
r_488,488,79287,Not available,Not available,Not available
r_489,489,79288,Not available,Not available,Not available
r_490,490,79289,Not available,Not available,Not available
r_491,491,79290,Not available,Not available,Not available
r_492,492,79291,Not available,Not available,Not available
r_493,493,79292,Not available,Not available,Not available
r_494,494,79293,Not available,Not available,Not available
r_495,495,79294,Not available,Not available,Not available
r_496,496,79295,Not available,Not available,Not available
r_497,497,79296,Not available,Not available,Not available
r_498,498,79297,Not available,Not available,Not available
r_499,499,79298,Not available,Not available,Not available
