id,name,currency_id
AFG,Afghanistan,AFN
ALA,Aland Islands,EUR
ALB,Albania,ALL
DZA,Algeria,DZD
ASM,American Samoa,USD
AND,Andorra,EUR
AGO,Angola,AOA
AIA,Anguilla,XCD
ATG,Antigua and Barbuda,XCD
ARG,Argentina,ARS
ARM,Armenia,AMD
ABW,Aruba,AWG
AUS,Australia,AUD
AUT,Austria,EUR
AZE,Azerbaijan,AZN
BHS,Bahamas,BSD
BHR,Bahrain,BHD
BGD,Bangladesh,BDT
BRB,Barbados,BBD
BLR,Belarus,BYN
BEL,Belgium,EUR
BLZ,Belize,BZD
BEN,Benin,XOF
BMU,Bermuda,BMD
BTN,Bhutan,INR
BOL,Bolivia (Plurinational State of),BOB
BES,"Bonaire, Sint Eustatius and Saba",USD
BIH,Bosnia and Herzegovina,BAM
BWA,Botswana,BWP
BVT,Bouvet Island,NOK
BRA,Brazil,BRL
BRN,Brunei Darussalam,BND
BGR,Bulgaria,BGN
BFA,Burkina Faso,XOF
BDI,Burundi,BIF
CPV,Cabo Verde,CVE
KHM,Cambodia,KHR
CMR,Cameroon,XAF
CAN,Canada,CAD
TCD,Chad,XAF
CHL,Chile,CLP
CHN,China,CNY
CXR,Christmas Island,AUD
COL,Colombia,COP
COM,Comoros,KMF
COG,Congo,XAF
COD,"Congo, Democratic Republic of the",CDF
CRI,Costa Rica,CRC
CIV,Cote d'Ivoire,XOF
HRV,Croatia,HRK
CUB,Cuba,CUP
CUW,Curacao,ANG
CYP,Cyprus,EUR
CZE,Czech Republic,CZK
DNK,Denmark,DKK
DJI,Djibouti,DJF
DMA,Dominica,XCD
ECU,Ecuador,USD
EGY,Egypt,EGP
European Community,European Community,EUR
SLV,El Salvador,SVC
GNQ,Equatorial Guinea,XAF
ERI,Eritrea,ERN
EST,Estonia,EUR
SWZ,Eswatini,SZL
ETH,Ethiopia,ETB
FJI,Fiji,FJD
FIN,Finland,EUR
FRA,France,EUR
GUF,French Guiana,EUR
PYF,French Polynesia,XPF
GAB,Gabon,XAF
GEO,Georgia,GEL
DEU,Germany,EUR
GHA,Ghana,GHS
GIB,Gibraltar,GIP
GRC,Greece,EUR
GRL,Greenland,DKK
GRD,Grenada,XCD
GLP,Guadeloupe,EUR
GUM,Guam,USD
GTM,Guatemala,GTQ
GGY,Guernsey,GBP
GIN,Guinea,GNF
GNB,Guinea-Bissau,XOF
GUY,Guyana,GYD
HTI,Haiti,HTG
HMD,Heard Island and McDonald Islands,AUD
HND,Honduras,HNL
HKG,Hong Kong,HKD
HUN,Hungary,HUF
ISL,Iceland,ISK
IND,India,INR
IDN,Indonesia,IDR
IRN,Iran (Islamic Republic of),IRR
IRQ,Iraq,IQD
IRL,Ireland,EUR
IMN,Isle of Man,GBP
ISR,Israel,ILS
ITA,Italy,EUR
JAM,Jamaica,JMD
JPN,Japan,JPY
JEY,Jersey,GBP
JOR,Jordan,JOD
KAZ,Kazakhstan,KZT
KEN,Kenya,KES
KIR,Kiribati,AUD
KWT,Kuwait,KWD
KGZ,Kyrgyzstan,KGS
LVA,Latvia,EUR
LBN,Lebanon,LBP
LSO,Lesotho,LSL
LBR,Liberia,LRD
LBY,Libya,LYD
LIE,Liechtenstein,CHF
LTU,Lithuania,EUR
LUX,Luxembourg,EUR
MAC,Macao,MOP
MDG,Madagascar,MGA
MWI,Malawi,MWK
MYS,Malaysia,MYR
MDV,Maldives,MVR
MLI,Mali,XOF
MLT,Malta,EUR
MTQ,Martinique,EUR
MRT,Mauritania,MRU
MUS,Mauritius,MUR
MYT,Mayotte,EUR
MEX,Mexico,MXN
FSM,Micronesia (Federated States of),USD
MCO,Monaco,EUR
MNG,Mongolia,MNT
MNE,Montenegro,EUR
MSR,Montserrat,XCD
MAR,Morocco,MAD
MOZ,Mozambique,MZN
MMR,Myanmar,MMK
NAM,Namibia,NAD
NRU,Nauru,AUD
NPL,Nepal,NPR
NLD,Netherlands,ANG
NCL,New Caledonia,XPF
NZL,New Zealand,NZD
NIC,Nicaragua,NIO
NGA,Nigeria,NGN
NIU,Niue,NZD
NFK,Norfolk Island,AUD
MKD,North Macedonia,MKD
MNP,Northern Mariana Islands,USD
NOR,Norway,NOK
OMN,Oman,OMR
PAK,Pakistan,PKR
PLW,Palau,USD
PAN,Panama,PAB
PNG,Papua New Guinea,PGK
PRY,Paraguay,PYG
PER,Peru,PEN
PHL,Philippines,PHP
PCN,Pitcairn,NZD
POL,Poland,PLN
PRT,Portugal,EUR
PRI,Puerto Rico,USD
QAT,Qatar,QAR
REU,Reunion,EUR
ROU,Romania,RON
RWA,Rwanda,RWF
BLM,Saint Barthelemy,EUR
SHN,"Saint Helena, Ascension and Tristan da Cunha",SHP
KNA,Saint Kitts and Nevis,XCD
LCA,Saint Lucia,XCD
MAF,Saint Martin (French part),EUR
SPM,Saint Pierre and Miquelon,EUR
VCT,Saint Vincent and the Grenadines,XCD
WSM,Samoa,WST
SMR,San Marino,EUR
STP,Sao Tome and Principe,STN
SAU,Saudi Arabia,SAR
SEN,Senegal,XOF
SRB,Serbia,RSD
SYC,Seychelles,SCR
SLE,Sierra Leone,SLL
SGP,Singapore,SGD
SXM,Sint Maarten (Dutch part),ANG
SVK,Slovakia,EUR
SVN,Slovenia,EUR
SLB,Solomon Islands,SBD
SOM,Somalia,SOS
ZAF,South Africa,ZAR
RSA,RSA,ZAR
SSD,South Sudan,SSP
ESP,Spain,EUR
LKA,Sri Lanka,LKR
SUR,Suriname,SRD
SJM,Svalbard and Jan Mayen,NOK
SWE,Sweden,SEK
CHE,Switzerland,CHF
SYR,Syrian Arab Republic,SYP
TJK,Tajikistan,TJS
TZA,"Tanzania, United Republic of",TZS
THA,Thailand,THB
TLS,Timor-Leste,USD
TGO,Togo,XOF
TKL,Tokelau,NZD
TON,Tonga,TOP
TTO,Trinidad and Tobago,TTD
TUN,Tunisia,TND
TUR,Turkey,TRY
TKM,Turkmenistan,TMT
TUV,Tuvalu,AUD
UGA,Uganda,UGX
UKR,Ukraine,UAH
ARE,United Arab Emirates,AED
GBR,United Kingdom,GBP
USA,USA,USD
URY,Uruguay,UYU
UZB,Uzbekistan,UZS
VUT,Vanuatu,VUV
VEN,Venezuela (Bolivarian Republic of),VES
VNM,Viet Nam,VND
VGB,Virgin Islands (British),USD
VIR,Virgin Islands (U.S.),USD
WLF,Wallis and Futuna,XPF
ESH,Western Sahara,MAD
YEM,Yemen,YER
ZMB,Zambia,ZMW
ZWE,Zimbabwe,ZWL
