id,name,value_in_inr
AFN,Afghani,0.9462
EUR,Euro,89.67
ALL,Lek,0.795
DZD,Algerian Dinar,0.6053
USD,US Dollar,82.0008
AOA,Kwanza,0.1619
XCD,East Caribbean Dollar,30.3693
ARS,Argentine Peso,0.3794
AMD,Armenian Dram,0.2104
AWG,Aruban Florin,45.5955
AUD,Australian Dollar,55.1359
AZN,Azerbaijan Manat,48.2649
BSD,Bahamian Dollar,81.9941
BHD,Bahraini Dinar,217.6752
BDT,Taka,0.7681
BBD,Barbados Dollar,41.029
BYN,Belarusian Ruble,32.3509
BZD,Belize Dollar,40.5088
XOF,CFA Franc BCEAO,0.1368
BMD,Bermudian Dollar,82.0277
INR,Indian Rupee,1.0
BTN,Ngultrum,0.9974
BOB,Boliviano,11.7748
BAM,Convertible Mark,45.861
BWP,Pula,6.2224
NOK,Norwegian Krone,7.833
BRL,Brazilian Real,16.6074
BND,Brunei Dollar,61.3422
BGN,Bulgarian Lev,46.1404
BIF,Burundi Franc,0.0392
CVE,Cabo Verde Escudo,0.8134
KHR,Riel,0.0201
XAF,CFA Franc BEAC,0.1368
CAD,Canadian Dollar,61.3046
KYD,Cayman Islands Dollar,97.972
CLP,Chilean Peso,0.1025
CLF,Unidad de Fomento,2793.2961
CNY,Yuan Renminbi,11.9399
COP,Colombian Peso,0.0185
KMF,Comorian Franc,0.1842
CDF,Congolese Franc,0.0392
NZD,New Zealand Dollar,50.7846
CRC,Costa Rican Colon,0.1524
HRK,Kuna,11.9128
CUP,Cuban Peso,3.1875
CUC,Peso Convertible,82.0075
ANG,Netherlands,45.2899
CZK,Czech Koruna,3.8349
DKK,Danish Krone,12.0453
DJF,Djibouti Franc,0.4586
DOP,Dominican Peso,1.4881
EGP,Egyptian Pound,2.6565
SVC,El Salvador Colon,9.3331
ERN,Nakfa,5.4719
SZL,Lilangeni,4.5054
ETB,Ethiopian Birr,1.4992
FKP,Falkland Islands Pound,101.5435
FJD,Fiji Dollar,37.1319
XPF,CFP Franc,0.7522
GMD,Dalasi,1.3196
GEL,Lari,32.6915
GHS,Ghana Cedi,6.8338
GIP,Gibraltar Pound,101.5641
GTQ,Quetzal,10.469
GBP,Pound Sterling,101.6157
GNF,Guinean Franc,0.0095
GYD,Guyana Dollar,0.3861
HTG,Gourde,0.5252
HNL,Lempira,3.3207
HKD,Hong Kong Dollar,10.4553
HUF,Forint,0.2411
ISK,Iceland Krona,0.5996
IDR,Rupiah,0.0055
XDR,SDR (Special Drawing Right),110.5583
IRR,Iranian Rial,0.0019
IQD,Iraqi Dinar,0.0623
ILS,New Israeli Sheqel,22.4739
JMD,Jamaican Dollar,0.5362
JPY,Yen,0.6104
JOD,Jordanian Dinar,115.5535
KZT,Tenge,0.1814
KES,Kenyan Shilling,0.6091
KPW,North Korean Won,0.0912
KRW,Won,0.0622
KWD,Kuwaiti Dinar,267.3082
KGS,Som,0.9379
LAK,Lao Kip,0.0047
LBP,Lebanese Pound,0.0054
LSL,Loti,4.504
ZAR,Rand,4.4845
LRD,Liberian Dollar,0.5036
LYD,Libyan Dinar,17.1692
CHF,Swiss Franc,91.3409
MOP,Pataca,10.0993
MKD,Denar,1.4555
MGA,Malagasy Ariary,0.0186
MWK,Kwacha,0.0797
MYR,Malaysian Ringgit,18.4887
MVR,Rufiyaa,5.3438
MRU,Ouguiya,2.3794
MUR,Mauritius Rupee,1.82
MXN,Mexican Peso,4.5531
MDL,Moldovan Leu,4.5779
MNT,Tugrik,0.0233
MAD,Moroccan Dirham,8.1016
MZN,Mozambique Metical,1.2855
MMK,Kyat,0.0389
NAD,Namibia Dollar,4.4828
NPR,Nepalese Rupee,0.6234
NIO,Cordoba Oro,2.2329
NGN,Naira,0.1774
OMR,Rial Omani,212.7207
PKR,Pakistan Rupee,0.2909
PAB,Balboa,82.021
PGK,Kina,23.1739
PYG,Guarani,0.0114
PEN,Sol,21.6221
PHP,Philippine Peso,1.4587
PLN,Zloty,19.3768
QAR,Qatari Rial,22.2881
RON,Romanian Leu,18.1699
RUB,Russian Ruble,1.0063
RWF,Rwanda Franc,0.0735
SHP,Saint Helena Pound,101.6054
WST,Tala,30.1178
STN,Dobra,3.6602
SAR,Saudi Riyal,21.8804
RSD,Serbian Dinar,0.7653
SCR,Seychelles Rupee,5.8677
SLL,Leone,0.0046
SGD,Singapore Dollar,61.5006
SBD,Solomon Islands Dollar,9.9289
SOS,Somali Shilling,0.1436
SSP,South Sudanese Pound,0.6301
LKR,Sri Lanka Rupee,0.2511
SDG,Sudanese Pound,0.1368
SRD,Surinam Dollar,2.2184
SEK,Swedish Krona,7.9329
SYP,Syrian Pound,0.0327
TWD,New Taiwan Dollar,2.6898
TJS,Somoni,7.4773
TZS,Tanzanian Shilling,0.035
THB,Baht,2.3815
TOP,Pa'anga,34.8068
TTD,Trinidad and Tobago Dollar,12.0278
TND,Tunisian Dinar,26.1787
TRY,Turkish Lira,4.2323
TMT,Turkmenistan New Manat,23.3814
UGX,Uganda Shilling,0.0219
UAH,Hryvnia,2.2219
AED,UAE Dirham,22.3459
UYU,Peso Uruguayo,2.1066
UZS,Uzbekistan Sum,0.0071
VUV,Vatu,0.6899
VES,Bolivar Soberano,3.3443
VND,Dong,0.0035
YER,Yemeni Rial,0.3279
ZMW,Zambian Kwacha,4.6299
ZWL,Zimbabwe Dollar,0.2549
XAU,Gold,58823.5294
XPD,Palladium,47619.0476
XPT,Platinum,71428.5714
XAG,Silver,2004.008
STD,Dobra,0.0036
