id,name,email_id,country_id,mobile_number,passwrd
0,MIKAL,MIKAL@mail.com,GBR,78844080,nopass
1,KARMANDEEP,KARMANDEEP@mail.com,FRA,78844081,nopass
2,JOSEPHINE,JOSEPHINE@mail.com,AUS,78844082,nopass
3,ELSON,ELSON@mail.com,NLD,78844083,nopass
4,CALLUM-ROBERT,CALLUM-ROBERT@mail.com,DEU,78844084,nopass
5,VANDI,VANDI@mail.com,NOR,78844085,nopass
6,APOLLO,APOLLO@mail.com,IRL,78844086,nopass
7,VANNA,VANNA@mail.com,CHE,78844087,nopass
8,ODOLLA,ODOLLA@mail.com,ESP,78844088,nopass
9,FRANS,FRANS@mail.com,POL,78844089,nopass
10,MEAGEN,MEAGEN@mail.com,PRT,788440810,nopass
11,BERIC,BERIC@mail.com,ITA,788440811,nopass
12,ZAREN,ZAREN@mail.com,BEL,788440812,nopass
13,DAKODAH,DAKODAH@mail.com,LTU,788440813,nopass
14,RHAIN,RHAIN@mail.com,JPN,788440814,nopass
15,FARELL,FARELL@mail.com,ISL,788440815,nopass
16,ZENITH,ZENITH@mail.com,DNK,788440816,nopass
17,DROSOS,DROSOS@mail.com,CYP,788440817,nopass
18,ELDAN,ELDAN@mail.com,SWE,788440818,nopass
19,NICOL,NICOL@mail.com,AUT,788440819,nopass
20,THERESA,THERESA@mail.com,ISR,788440820,nopass
21,ELISEO,ELISEO@mail.com,FIN,788440821,nopass
22,LINKIN-JAMES,LINKIN-JAMES@mail.com,BHR,788440822,nopass
23,ZEYN,ZEYN@mail.com,GRC,788440823,nopass
24,KRSTAN,KRSTAN@mail.com,HKG,788440824,nopass
25,MARCANTONIO,MARCANTONIO@mail.com,SGP,788440825,nopass
26,RUHAAN,RUHAAN@mail.com,LBN,788440826,nopass
27,KALEM,KALEM@mail.com,ARE,788440827,nopass
28,TARIS,TARIS@mail.com,SAU,788440828,nopass
29,ONDOUA,ONDOUA@mail.com,CZE,788440829,nopass
30,LAKIN,LAKIN@mail.com,CAN,788440830,nopass
31,MACARIO,MACARIO@mail.com,BRA,788440831,nopass
32,JENNY,JENNY@mail.com,USA,788440832,nopass
33,MARY-ANNE,MARY-ANNE@mail.com,European Community,788440833,nopass
34,SHELDON,SHELDON@mail.com,RSA,788440834,nopass
35,SIDHAN,SIDHAN@mail.com,GBR,788440835,nopass
36,HABIBULLOH,HABIBULLOH@mail.com,FRA,788440836,nopass
37,KENDAL,KENDAL@mail.com,AUS,788440837,nopass
38,NICKOLAUS,NICKOLAUS@mail.com,NLD,788440838,nopass
39,LYNNE,LYNNE@mail.com,DEU,788440839,nopass
40,CHANRAMO,CHANRAMO@mail.com,NOR,788440840,nopass
41,TOLLA-JON,TOLLA-JON@mail.com,IRL,788440841,nopass
42,JUDSON,JUDSON@mail.com,CHE,788440842,nopass
43,CELVERN,CELVERN@mail.com,ESP,788440843,nopass
44,LAZO,LAZO@mail.com,POL,788440844,nopass
45,KAHIL,KAHIL@mail.com,PRT,788440845,nopass
46,RENNY,RENNY@mail.com,ITA,788440846,nopass
47,KIETON,KIETON@mail.com,BEL,788440847,nopass
48,VINCE,VINCE@mail.com,LTU,788440848,nopass
49,TRUNG,TRUNG@mail.com,JPN,788440849,nopass
50,QUOE,QUOE@mail.com,ISL,788440850,nopass
51,GIORG,GIORG@mail.com,DNK,788440851,nopass
52,TELEMACO,TELEMACO@mail.com,CYP,788440852,nopass
53,JEYT,JEYT@mail.com,SWE,788440853,nopass
54,ABISHEK,ABISHEK@mail.com,AUT,788440854,nopass
55,ADAIN,ADAIN@mail.com,ISR,788440855,nopass
56,JONTAE,JONTAE@mail.com,FIN,788440856,nopass
57,SOC,SOC@mail.com,BHR,788440857,nopass
58,WYLYN,WYLYN@mail.com,GRC,788440858,nopass
59,MANUELA,MANUELA@mail.com,HKG,788440859,nopass
60,ARTH,ARTH@mail.com,SGP,788440860,nopass
61,TREY,TREY@mail.com,LBN,788440861,nopass
62,TUONG,TUONG@mail.com,ARE,788440862,nopass
63,FRANCSZCO,FRANCSZCO@mail.com,SAU,788440863,nopass
64,ROURKE,ROURKE@mail.com,CZE,788440864,nopass
65,BOOKER,BOOKER@mail.com,CAN,788440865,nopass
66,LINDBERGH,LINDBERGH@mail.com,BRA,788440866,nopass
67,TRISAN,TRISAN@mail.com,USA,788440867,nopass
68,THERRAN,THERRAN@mail.com,European Community,788440868,nopass
69,TRAD,TRAD@mail.com,RSA,788440869,nopass
70,YLUM,YLUM@mail.com,GBR,788440870,nopass
71,FINNEAUS,FINNEAUS@mail.com,FRA,788440871,nopass
72,TAUREN,TAUREN@mail.com,AUS,788440872,nopass
73,GRATTON,GRATTON@mail.com,NLD,788440873,nopass
74,FAISAL,FAISAL@mail.com,DEU,788440874,nopass
75,ZAR,ZAR@mail.com,NOR,788440875,nopass
76,SYMON,SYMON@mail.com,IRL,788440876,nopass
77,DERYCE,DERYCE@mail.com,CHE,788440877,nopass
78,ROENN,ROENN@mail.com,ESP,788440878,nopass
79,DEMETRI,DEMETRI@mail.com,POL,788440879,nopass
80,DANIELL,DANIELL@mail.com,PRT,788440880,nopass
81,CURD,CURD@mail.com,ITA,788440881,nopass
82,TORE,TORE@mail.com,BEL,788440882,nopass
83,JOULE,JOULE@mail.com,LTU,788440883,nopass
84,BARUCH,BARUCH@mail.com,JPN,788440884,nopass
85,JAYDN,JAYDN@mail.com,ISL,788440885,nopass
86,LOREANO,LOREANO@mail.com,DNK,788440886,nopass
87,LEE-HAN,LEE-HAN@mail.com,CYP,788440887,nopass
88,JING,JING@mail.com,SWE,788440888,nopass
89,VASSILLIS,VASSILLIS@mail.com,AUT,788440889,nopass
90,SU,SU@mail.com,ISR,788440890,nopass
91,SKILTON,SKILTON@mail.com,FIN,788440891,nopass
92,DETROIT,DETROIT@mail.com,BHR,788440892,nopass
93,RUAIDHRI,RUAIDHRI@mail.com,GRC,788440893,nopass
94,LOCKIE,LOCKIE@mail.com,HKG,788440894,nopass
95,BOWDEY,BOWDEY@mail.com,SGP,788440895,nopass
96,JANEEN,JANEEN@mail.com,LBN,788440896,nopass
97,HUDZAIFAH,HUDZAIFAH@mail.com,ARE,788440897,nopass
98,AJ,AJ@mail.com,SAU,788440898,nopass
99,DIMOKRITOS,DIMOKRITOS@mail.com,CZE,788440899,nopass
100,RAAVIDA,RAAVIDA@mail.com,CAN,7884408100,nopass
101,LARL,LARL@mail.com,BRA,7884408101,nopass
102,ALBERTTO,ALBERTTO@mail.com,USA,7884408102,nopass
103,ASHLEIGH,ASHLEIGH@mail.com,European Community,7884408103,nopass
104,CHRISTOPHER-KARL,CHRISTOPHER-KARL@mail.com,RSA,7884408104,nopass
105,ROAN,ROAN@mail.com,GBR,7884408105,nopass
106,KELLER,KELLER@mail.com,FRA,7884408106,nopass
107,KEHAN,KEHAN@mail.com,AUS,7884408107,nopass
108,AN-ARCHER,AN-ARCHER@mail.com,NLD,7884408108,nopass
109,SHAN,SHAN@mail.com,DEU,7884408109,nopass
110,ENG-CHIEU,ENG-CHIEU@mail.com,NOR,7884408110,nopass
111,JOESPH-KUPA-WIREMU,JOESPH-KUPA-WIREMU@mail.com,IRL,7884408111,nopass
112,MARKIAN,MARKIAN@mail.com,CHE,7884408112,nopass
113,KEIRRON,KEIRRON@mail.com,ESP,7884408113,nopass
114,TIMORTHY,TIMORTHY@mail.com,POL,7884408114,nopass
115,ORVILLE,ORVILLE@mail.com,PRT,7884408115,nopass
116,TOMBO,TOMBO@mail.com,ITA,7884408116,nopass
117,DELWYN,DELWYN@mail.com,BEL,7884408117,nopass
118,YAMEN,YAMEN@mail.com,LTU,7884408118,nopass
119,SAILOSI,SAILOSI@mail.com,JPN,7884408119,nopass
120,ZIEK,ZIEK@mail.com,ISL,7884408120,nopass
121,ROEN,ROEN@mail.com,DNK,7884408121,nopass
122,JERARD,JERARD@mail.com,CYP,7884408122,nopass
123,BAM,BAM@mail.com,SWE,7884408123,nopass
124,EVA,EVA@mail.com,AUT,7884408124,nopass
125,KAR,KAR@mail.com,ISR,7884408125,nopass
126,DEKLAN,DEKLAN@mail.com,FIN,7884408126,nopass
127,P,P@mail.com,BHR,7884408127,nopass
128,YO,YO@mail.com,GRC,7884408128,nopass
129,ELKI,ELKI@mail.com,HKG,7884408129,nopass
130,JOAQUINN,JOAQUINN@mail.com,SGP,7884408130,nopass
131,NAMARPAUL,NAMARPAUL@mail.com,LBN,7884408131,nopass
132,ORIEN,ORIEN@mail.com,ARE,7884408132,nopass
133,SALEM,SALEM@mail.com,SAU,7884408133,nopass
134,BOBBY-RAY,BOBBY-RAY@mail.com,CZE,7884408134,nopass
135,GORDEN,GORDEN@mail.com,CAN,7884408135,nopass
136,VENTURO,VENTURO@mail.com,BRA,7884408136,nopass
137,WILLIAM-STEWART-XAVIER,WILLIAM-STEWART-XAVIER@mail.com,USA,7884408137,nopass
138,JIANNI,JIANNI@mail.com,European Community,7884408138,nopass
139,KOHDE,KOHDE@mail.com,RSA,7884408139,nopass
140,PHU-QUI,PHU-QUI@mail.com,GBR,7884408140,nopass
141,ATISH,ATISH@mail.com,FRA,7884408141,nopass
142,TYREN,TYREN@mail.com,AUS,7884408142,nopass
143,JOHN-MARK,JOHN-MARK@mail.com,NLD,7884408143,nopass
144,LOELLA,LOELLA@mail.com,DEU,7884408144,nopass
145,SEAN-MICHAEL,SEAN-MICHAEL@mail.com,NOR,7884408145,nopass
146,MALU,MALU@mail.com,IRL,7884408146,nopass
147,CREON,CREON@mail.com,CHE,7884408147,nopass
148,NYKOLAI,NYKOLAI@mail.com,ESP,7884408148,nopass
149,MAXIN,MAXIN@mail.com,POL,7884408149,nopass
150,DARRYL,DARRYL@mail.com,PRT,7884408150,nopass
151,MAHAMOUD,MAHAMOUD@mail.com,ITA,7884408151,nopass
152,ZEKAI,ZEKAI@mail.com,BEL,7884408152,nopass
153,DECHLAN,DECHLAN@mail.com,LTU,7884408153,nopass
154,CURTLY,CURTLY@mail.com,JPN,7884408154,nopass
155,LINO,LINO@mail.com,ISL,7884408155,nopass
156,SHOGO,SHOGO@mail.com,DNK,7884408156,nopass
157,MIROSLOW,MIROSLOW@mail.com,CYP,7884408157,nopass
158,KOHDI,KOHDI@mail.com,SWE,7884408158,nopass
159,GRANT-LEE,GRANT-LEE@mail.com,AUT,7884408159,nopass
160,RASMUS,RASMUS@mail.com,ISR,7884408160,nopass
161,TYLER-JAKE,TYLER-JAKE@mail.com,FIN,7884408161,nopass
162,JOHN-MICHAEL,JOHN-MICHAEL@mail.com,BHR,7884408162,nopass
163,DEAN,DEAN@mail.com,GRC,7884408163,nopass
164,GLENNARD,GLENNARD@mail.com,HKG,7884408164,nopass
165,PASCOE,PASCOE@mail.com,SGP,7884408165,nopass
166,BRENTT,BRENTT@mail.com,LBN,7884408166,nopass
167,DURIECE,DURIECE@mail.com,ARE,7884408167,nopass
168,KEEN,KEEN@mail.com,SAU,7884408168,nopass
169,REONALDO,REONALDO@mail.com,CZE,7884408169,nopass
170,RAMOND,RAMOND@mail.com,CAN,7884408170,nopass
171,KHAI,KHAI@mail.com,BRA,7884408171,nopass
172,ARMSTRONG,ARMSTRONG@mail.com,USA,7884408172,nopass
173,LLACHLAN,LLACHLAN@mail.com,European Community,7884408173,nopass
174,HAAMI,HAAMI@mail.com,RSA,7884408174,nopass
175,BECK,BECK@mail.com,GBR,7884408175,nopass
176,AVAHNDA,AVAHNDA@mail.com,FRA,7884408176,nopass
177,DARAL,DARAL@mail.com,AUS,7884408177,nopass
178,PASHTRIK,PASHTRIK@mail.com,NLD,7884408178,nopass
179,JOHNNY,JOHNNY@mail.com,DEU,7884408179,nopass
180,YIANNIS,YIANNIS@mail.com,NOR,7884408180,nopass
181,NATALINO,NATALINO@mail.com,IRL,7884408181,nopass
182,JADDIHYA,JADDIHYA@mail.com,CHE,7884408182,nopass
183,KRISH,KRISH@mail.com,ESP,7884408183,nopass
184,KARAM,KARAM@mail.com,POL,7884408184,nopass
185,LYNDAL,LYNDAL@mail.com,PRT,7884408185,nopass
186,MELLVILLE,MELLVILLE@mail.com,ITA,7884408186,nopass
187,JERROME,JERROME@mail.com,BEL,7884408187,nopass
188,SYMOND,SYMOND@mail.com,LTU,7884408188,nopass
189,SHAVNEEL,SHAVNEEL@mail.com,JPN,7884408189,nopass
190,ZENO,ZENO@mail.com,ISL,7884408190,nopass
191,GIANFRANCO,GIANFRANCO@mail.com,DNK,7884408191,nopass
192,TAIGAN,TAIGAN@mail.com,CYP,7884408192,nopass
193,KAHLEO,KAHLEO@mail.com,SWE,7884408193,nopass
194,CAVIO,CAVIO@mail.com,AUT,7884408194,nopass
195,BRADMAN,BRADMAN@mail.com,ISR,7884408195,nopass
196,DANG-HUY,DANG-HUY@mail.com,FIN,7884408196,nopass
197,RAMLIAN,RAMLIAN@mail.com,BHR,7884408197,nopass
198,VIDANO,VIDANO@mail.com,GRC,7884408198,nopass
199,ELVIO,ELVIO@mail.com,HKG,7884408199,nopass
200,WHYATT,WHYATT@mail.com,SGP,7884408200,nopass
201,KIMEYL,KIMEYL@mail.com,LBN,7884408201,nopass
202,TOMS,TOMS@mail.com,ARE,7884408202,nopass
203,MATIOK,MATIOK@mail.com,SAU,7884408203,nopass
204,RADMAN,RADMAN@mail.com,CZE,7884408204,nopass
205,PIERLUIGI,PIERLUIGI@mail.com,CAN,7884408205,nopass
206,TAIMUS,TAIMUS@mail.com,BRA,7884408206,nopass
207,AVXENTIS,AVXENTIS@mail.com,USA,7884408207,nopass
208,ASCENZO,ASCENZO@mail.com,European Community,7884408208,nopass
209,SHAWNVEER,SHAWNVEER@mail.com,RSA,7884408209,nopass
210,TERIBORIKI,TERIBORIKI@mail.com,GBR,7884408210,nopass
211,DEMITRI,DEMITRI@mail.com,FRA,7884408211,nopass
212,RAJVEER,RAJVEER@mail.com,AUS,7884408212,nopass
213,MARK-ANDREW,MARK-ANDREW@mail.com,NLD,7884408213,nopass
214,NAYSAN,NAYSAN@mail.com,DEU,7884408214,nopass
215,VESAL,VESAL@mail.com,NOR,7884408215,nopass
216,SANJESH,SANJESH@mail.com,IRL,7884408216,nopass
217,AUSSA,AUSSA@mail.com,CHE,7884408217,nopass
218,MYRAN,MYRAN@mail.com,ESP,7884408218,nopass
219,DENY,DENY@mail.com,POL,7884408219,nopass
220,EHRAR,EHRAR@mail.com,PRT,7884408220,nopass
221,ZYTON,ZYTON@mail.com,ITA,7884408221,nopass
222,APEISTOMENIN,APEISTOMENIN@mail.com,BEL,7884408222,nopass
223,LEANDRA,LEANDRA@mail.com,LTU,7884408223,nopass
224,STATTON,STATTON@mail.com,JPN,7884408224,nopass
225,ROBY,ROBY@mail.com,ISL,7884408225,nopass
226,JINGWIA,JINGWIA@mail.com,DNK,7884408226,nopass
227,CHAS,CHAS@mail.com,CYP,7884408227,nopass
228,ADISON,ADISON@mail.com,SWE,7884408228,nopass
229,RENNIE,RENNIE@mail.com,AUT,7884408229,nopass
230,GURJOT,GURJOT@mail.com,ISR,7884408230,nopass
231,CHARLEY,CHARLEY@mail.com,FIN,7884408231,nopass
232,JO-ANNA,JO-ANNA@mail.com,BHR,7884408232,nopass
233,ZANE,ZANE@mail.com,GRC,7884408233,nopass
234,GURMAN,GURMAN@mail.com,HKG,7884408234,nopass
235,ANESTI,ANESTI@mail.com,SGP,7884408235,nopass
236,ANTARES,ANTARES@mail.com,LBN,7884408236,nopass
237,DARRIAN,DARRIAN@mail.com,ARE,7884408237,nopass
238,DRAYSON,DRAYSON@mail.com,SAU,7884408238,nopass
239,ALONZO,ALONZO@mail.com,CZE,7884408239,nopass
240,KATALIN,KATALIN@mail.com,CAN,7884408240,nopass
241,RAMESH,RAMESH@mail.com,BRA,7884408241,nopass
242,VASA,VASA@mail.com,USA,7884408242,nopass
243,AVIKA,AVIKA@mail.com,European Community,7884408243,nopass
244,VICKNESH,VICKNESH@mail.com,RSA,7884408244,nopass
245,RITHIK,RITHIK@mail.com,GBR,7884408245,nopass
246,BALRAJ,BALRAJ@mail.com,FRA,7884408246,nopass
247,ALAMDAR,ALAMDAR@mail.com,AUS,7884408247,nopass
248,JAELIN,JAELIN@mail.com,NLD,7884408248,nopass
249,JAKIM,JAKIM@mail.com,DEU,7884408249,nopass
250,KAIKARA,KAIKARA@mail.com,NOR,7884408250,nopass
251,SHAEDEN,SHAEDEN@mail.com,IRL,7884408251,nopass
252,RENZZO,RENZZO@mail.com,CHE,7884408252,nopass
253,VELIMIR,VELIMIR@mail.com,ESP,7884408253,nopass
254,GAMBERT,GAMBERT@mail.com,POL,7884408254,nopass
255,YAHYEE,YAHYEE@mail.com,PRT,7884408255,nopass
256,BARTHOLEMEW,BARTHOLEMEW@mail.com,ITA,7884408256,nopass
257,HENNIE,HENNIE@mail.com,BEL,7884408257,nopass
258,DALLY,DALLY@mail.com,LTU,7884408258,nopass
259,YARREN,YARREN@mail.com,JPN,7884408259,nopass
260,JAIDEE,JAIDEE@mail.com,ISL,7884408260,nopass
261,BASITH,BASITH@mail.com,DNK,7884408261,nopass
262,DIARMID,DIARMID@mail.com,CYP,7884408262,nopass
263,TAPANI,TAPANI@mail.com,SWE,7884408263,nopass
264,BARTELOMEUS,BARTELOMEUS@mail.com,AUT,7884408264,nopass
265,PAVO,PAVO@mail.com,ISR,7884408265,nopass
266,WILBUR,WILBUR@mail.com,FIN,7884408266,nopass
267,PRANAAY,PRANAAY@mail.com,BHR,7884408267,nopass
268,RUDRA,RUDRA@mail.com,GRC,7884408268,nopass
269,TUOMAS,TUOMAS@mail.com,HKG,7884408269,nopass
270,JOLAN,JOLAN@mail.com,SGP,7884408270,nopass
271,MOUKNY,MOUKNY@mail.com,LBN,7884408271,nopass
272,MEHMED,MEHMED@mail.com,ARE,7884408272,nopass
273,ALIC,ALIC@mail.com,SAU,7884408273,nopass
274,IZIDOR,IZIDOR@mail.com,CZE,7884408274,nopass
275,SEAN-NELSON,SEAN-NELSON@mail.com,CAN,7884408275,nopass
276,PESHTIWAN,PESHTIWAN@mail.com,BRA,7884408276,nopass
277,AKEIM,AKEIM@mail.com,USA,7884408277,nopass
278,MARK-HERBERT,MARK-HERBERT@mail.com,European Community,7884408278,nopass
279,CUBA,CUBA@mail.com,RSA,7884408279,nopass
280,JARRA,JARRA@mail.com,GBR,7884408280,nopass
281,DAVID-JAMES,DAVID-JAMES@mail.com,FRA,7884408281,nopass
282,BAILON,BAILON@mail.com,AUS,7884408282,nopass
283,HOUSTON,HOUSTON@mail.com,NLD,7884408283,nopass
284,NISCALA,NISCALA@mail.com,DEU,7884408284,nopass
285,WESTLY,WESTLY@mail.com,NOR,7884408285,nopass
286,VYAAS,VYAAS@mail.com,IRL,7884408286,nopass
287,UMILE,UMILE@mail.com,CHE,7884408287,nopass
288,REO,REO@mail.com,ESP,7884408288,nopass
289,ROUNG,ROUNG@mail.com,POL,7884408289,nopass
290,LIYANAMAHADURAGE,LIYANAMAHADURAGE@mail.com,PRT,7884408290,nopass
291,THIEN-AN,THIEN-AN@mail.com,ITA,7884408291,nopass
292,FORTIS,FORTIS@mail.com,BEL,7884408292,nopass
293,MAGAN,MAGAN@mail.com,LTU,7884408293,nopass
294,BEACHER,BEACHER@mail.com,JPN,7884408294,nopass
295,TURRI,TURRI@mail.com,ISL,7884408295,nopass
296,KAILUM,KAILUM@mail.com,DNK,7884408296,nopass
297,JEBEDIAH,JEBEDIAH@mail.com,CYP,7884408297,nopass
298,SHAHNAN,SHAHNAN@mail.com,SWE,7884408298,nopass
299,PELLE,PELLE@mail.com,AUT,7884408299,nopass
300,NOUR,NOUR@mail.com,ISR,7884408300,nopass
301,KENNETH,KENNETH@mail.com,FIN,7884408301,nopass
302,THEODORUS-JOHN,THEODORUS-JOHN@mail.com,BHR,7884408302,nopass
303,ANATOLIJ,ANATOLIJ@mail.com,GRC,7884408303,nopass
304,TINOVONGA,TINOVONGA@mail.com,HKG,7884408304,nopass
305,RICHMOND,RICHMOND@mail.com,SGP,7884408305,nopass
306,FRESH,FRESH@mail.com,LBN,7884408306,nopass
307,GYSBERT,GYSBERT@mail.com,ARE,7884408307,nopass
308,RAIYAN,RAIYAN@mail.com,SAU,7884408308,nopass
309,EVANGELO,EVANGELO@mail.com,CZE,7884408309,nopass
310,KARLSON,KARLSON@mail.com,CAN,7884408310,nopass
311,AQUILA,AQUILA@mail.com,BRA,7884408311,nopass
312,ALIAP,ALIAP@mail.com,USA,7884408312,nopass
313,ATTILLA,ATTILLA@mail.com,European Community,7884408313,nopass
314,ELWYNE,ELWYNE@mail.com,RSA,7884408314,nopass
315,SOO-LEE,SOO-LEE@mail.com,GBR,7884408315,nopass
316,GURJAP,GURJAP@mail.com,FRA,7884408316,nopass
317,RILEY,RILEY@mail.com,AUS,7884408317,nopass
318,TAIN,TAIN@mail.com,NLD,7884408318,nopass
319,CARNEY,CARNEY@mail.com,DEU,7884408319,nopass
320,ZAKAREAH,ZAKAREAH@mail.com,NOR,7884408320,nopass
321,NIKSHA,NIKSHA@mail.com,IRL,7884408321,nopass
322,BRAYDEN-JESSIE,BRAYDEN-JESSIE@mail.com,CHE,7884408322,nopass
323,KIEN,KIEN@mail.com,ESP,7884408323,nopass
324,ROCKLYN,ROCKLYN@mail.com,POL,7884408324,nopass
325,SOHAM,SOHAM@mail.com,PRT,7884408325,nopass
326,SAFARI,SAFARI@mail.com,ITA,7884408326,nopass
327,ANDREAS-PAUL,ANDREAS-PAUL@mail.com,BEL,7884408327,nopass
328,BROMLEY,BROMLEY@mail.com,LTU,7884408328,nopass
329,KIAHNAN,KIAHNAN@mail.com,JPN,7884408329,nopass
330,SPEROS,SPEROS@mail.com,ISL,7884408330,nopass
331,NATANAELE,NATANAELE@mail.com,DNK,7884408331,nopass
332,JASDEEP,JASDEEP@mail.com,CYP,7884408332,nopass
333,VASSILI,VASSILI@mail.com,SWE,7884408333,nopass
334,SULEIMAN,SULEIMAN@mail.com,AUT,7884408334,nopass
335,ORLANZO,ORLANZO@mail.com,ISR,7884408335,nopass
336,TREVLYN,TREVLYN@mail.com,FIN,7884408336,nopass
337,ROCKY,ROCKY@mail.com,BHR,7884408337,nopass
338,DONAL,DONAL@mail.com,GRC,7884408338,nopass
339,CULLAM,CULLAM@mail.com,HKG,7884408339,nopass
340,TARYLL,TARYLL@mail.com,SGP,7884408340,nopass
341,TOMAR,TOMAR@mail.com,LBN,7884408341,nopass
342,BRONNIE,BRONNIE@mail.com,ARE,7884408342,nopass
343,SITHANDIWE,SITHANDIWE@mail.com,SAU,7884408343,nopass
344,NAMATH,NAMATH@mail.com,CZE,7884408344,nopass
345,KEYSHON,KEYSHON@mail.com,CAN,7884408345,nopass
346,HOWEN,HOWEN@mail.com,BRA,7884408346,nopass
347,TAYSON,TAYSON@mail.com,USA,7884408347,nopass
348,KURIAKOS,KURIAKOS@mail.com,European Community,7884408348,nopass
349,NEOFITOS,NEOFITOS@mail.com,RSA,7884408349,nopass
350,ZYSHAN,ZYSHAN@mail.com,GBR,7884408350,nopass
351,AARON-WILLIAM,AARON-WILLIAM@mail.com,FRA,7884408351,nopass
352,KIRSTIE,KIRSTIE@mail.com,AUS,7884408352,nopass
353,HANS-DEITER,HANS-DEITER@mail.com,NLD,7884408353,nopass
354,ATHANASIOS,ATHANASIOS@mail.com,DEU,7884408354,nopass
355,XIAOYANG,XIAOYANG@mail.com,NOR,7884408355,nopass
356,COSMIN,COSMIN@mail.com,IRL,7884408356,nopass
357,GERRITT,GERRITT@mail.com,CHE,7884408357,nopass
358,KEYVAN,KEYVAN@mail.com,ESP,7884408358,nopass
359,MERGENE,MERGENE@mail.com,POL,7884408359,nopass
360,KAVINKUMAR,KAVINKUMAR@mail.com,PRT,7884408360,nopass
361,KALLAM,KALLAM@mail.com,ITA,7884408361,nopass
362,VIVA,VIVA@mail.com,BEL,7884408362,nopass
363,NYGEL,NYGEL@mail.com,LTU,7884408363,nopass
364,GERSON,GERSON@mail.com,JPN,7884408364,nopass
365,CLAUDIE,CLAUDIE@mail.com,ISL,7884408365,nopass
366,BABE,BABE@mail.com,DNK,7884408366,nopass
367,THEODORES,THEODORES@mail.com,CYP,7884408367,nopass
368,YURIS,YURIS@mail.com,SWE,7884408368,nopass
369,ZJ,ZJ@mail.com,AUT,7884408369,nopass
370,NAVARRO,NAVARRO@mail.com,ISR,7884408370,nopass
371,ZACHARI,ZACHARI@mail.com,FIN,7884408371,nopass
372,EVANGELOS,EVANGELOS@mail.com,BHR,7884408372,nopass
373,KOLYA,KOLYA@mail.com,GRC,7884408373,nopass
374,LUCUIS,LUCUIS@mail.com,HKG,7884408374,nopass
375,LEONNIE,LEONNIE@mail.com,SGP,7884408375,nopass
376,KARTHIK,KARTHIK@mail.com,LBN,7884408376,nopass
377,VETO,VETO@mail.com,ARE,7884408377,nopass
378,LYLH,LYLH@mail.com,SAU,7884408378,nopass
379,BRODNEY,BRODNEY@mail.com,CZE,7884408379,nopass
380,TRENNETH,TRENNETH@mail.com,CAN,7884408380,nopass
381,ARRIN,ARRIN@mail.com,BRA,7884408381,nopass
382,YOUSUF,YOUSUF@mail.com,USA,7884408382,nopass
383,IDLMADGE,IDLMADGE@mail.com,European Community,7884408383,nopass
384,HARPER,HARPER@mail.com,RSA,7884408384,nopass
385,KELLIE,KELLIE@mail.com,GBR,7884408385,nopass
386,CONSTANTINIOS,CONSTANTINIOS@mail.com,FRA,7884408386,nopass
387,DINESH,DINESH@mail.com,AUS,7884408387,nopass
388,TIMETHEUS,TIMETHEUS@mail.com,NLD,7884408388,nopass
389,JANNA,JANNA@mail.com,DEU,7884408389,nopass
390,KIFAH,KIFAH@mail.com,NOR,7884408390,nopass
391,ANDRE-JOHN,ANDRE-JOHN@mail.com,IRL,7884408391,nopass
392,STAFANIS,STAFANIS@mail.com,CHE,7884408392,nopass
393,ADER,ADER@mail.com,ESP,7884408393,nopass
394,BEAU-JOHN,BEAU-JOHN@mail.com,POL,7884408394,nopass
395,KEYGAN,KEYGAN@mail.com,PRT,7884408395,nopass
396,MENNATO,MENNATO@mail.com,ITA,7884408396,nopass
397,ZOLDA,ZOLDA@mail.com,BEL,7884408397,nopass
398,NOELIE,NOELIE@mail.com,LTU,7884408398,nopass
399,KATHLEEN,KATHLEEN@mail.com,JPN,7884408399,nopass
400,SAMUAL,SAMUAL@mail.com,ISL,7884408400,nopass
401,JAMEY,JAMEY@mail.com,DNK,7884408401,nopass
402,GEUSEPPE,GEUSEPPE@mail.com,CYP,7884408402,nopass
403,BODEY,BODEY@mail.com,SWE,7884408403,nopass
404,GOFFREDO,GOFFREDO@mail.com,AUT,7884408404,nopass
405,RABIH,RABIH@mail.com,ISR,7884408405,nopass
406,GRAE,GRAE@mail.com,FIN,7884408406,nopass
407,FU-HO,FU-HO@mail.com,BHR,7884408407,nopass
408,KOEN,KOEN@mail.com,GRC,7884408408,nopass
409,TEAK,TEAK@mail.com,HKG,7884408409,nopass
410,LAURICE,LAURICE@mail.com,SGP,7884408410,nopass
411,DELLIUS,DELLIUS@mail.com,LBN,7884408411,nopass
412,ROCCOANTONIO,ROCCOANTONIO@mail.com,ARE,7884408412,nopass
413,JYMAIN,JYMAIN@mail.com,SAU,7884408413,nopass
414,RUI,RUI@mail.com,CZE,7884408414,nopass
415,TOBI,TOBI@mail.com,CAN,7884408415,nopass
416,KIAVASH,KIAVASH@mail.com,BRA,7884408416,nopass
417,REEVES,REEVES@mail.com,USA,7884408417,nopass
418,SKEVOS,SKEVOS@mail.com,European Community,7884408418,nopass
419,FORTUNATO,FORTUNATO@mail.com,RSA,7884408419,nopass
420,RILEY-JACK,RILEY-JACK@mail.com,GBR,7884408420,nopass
421,SHER?EE,SHER?EE@mail.com,FRA,7884408421,nopass
422,ZHEYU,ZHEYU@mail.com,AUS,7884408422,nopass
423,RATIMIR,RATIMIR@mail.com,NLD,7884408423,nopass
424,HURRAIR,HURRAIR@mail.com,DEU,7884408424,nopass
425,KOBEE,KOBEE@mail.com,NOR,7884408425,nopass
426,DEMSEW,DEMSEW@mail.com,IRL,7884408426,nopass
427,SIKKE,SIKKE@mail.com,CHE,7884408427,nopass
428,FARAZ,FARAZ@mail.com,ESP,7884408428,nopass
429,TAUFIQ,TAUFIQ@mail.com,POL,7884408429,nopass
430,YOEL,YOEL@mail.com,PRT,7884408430,nopass
431,RENAN,RENAN@mail.com,ITA,7884408431,nopass
432,EBRAHM,EBRAHM@mail.com,BEL,7884408432,nopass
433,GRIGOR,GRIGOR@mail.com,LTU,7884408433,nopass
434,ETHYN,ETHYN@mail.com,JPN,7884408434,nopass
435,REEIF,REEIF@mail.com,ISL,7884408435,nopass
436,KUMINGI,KUMINGI@mail.com,DNK,7884408436,nopass
437,ZAHID,ZAHID@mail.com,CYP,7884408437,nopass
438,DUY-QUANG,DUY-QUANG@mail.com,SWE,7884408438,nopass
439,ZIGMOND,ZIGMOND@mail.com,AUT,7884408439,nopass
440,HALDANE,HALDANE@mail.com,ISR,7884408440,nopass
441,MOUNIR,MOUNIR@mail.com,FIN,7884408441,nopass
442,SUBINO,SUBINO@mail.com,BHR,7884408442,nopass
443,MANFRIED,MANFRIED@mail.com,GRC,7884408443,nopass
444,STANISLOVAS,STANISLOVAS@mail.com,HKG,7884408444,nopass
445,ALF,ALF@mail.com,SGP,7884408445,nopass
446,REECO,REECO@mail.com,LBN,7884408446,nopass
447,AARON-DAVID,AARON-DAVID@mail.com,ARE,7884408447,nopass
448,ABDUJILIL,ABDUJILIL@mail.com,SAU,7884408448,nopass
449,TEHRAN,TEHRAN@mail.com,CZE,7884408449,nopass
450,SPIRIDION,SPIRIDION@mail.com,CAN,7884408450,nopass
451,TINDAL,TINDAL@mail.com,BRA,7884408451,nopass
452,VRIGORIO,VRIGORIO@mail.com,USA,7884408452,nopass
453,BERHIA,BERHIA@mail.com,European Community,7884408453,nopass
454,MANRAJ,MANRAJ@mail.com,RSA,7884408454,nopass
455,KOOSHA,KOOSHA@mail.com,GBR,7884408455,nopass
456,JON-LUC,JON-LUC@mail.com,FRA,7884408456,nopass
457,EMORY,EMORY@mail.com,AUS,7884408457,nopass
458,WENZEL,WENZEL@mail.com,NLD,7884408458,nopass
459,MATEO,MATEO@mail.com,DEU,7884408459,nopass
460,MD,MD@mail.com,NOR,7884408460,nopass
461,CLEARY,CLEARY@mail.com,IRL,7884408461,nopass
462,ETHEN,ETHEN@mail.com,CHE,7884408462,nopass
463,NEESHAZ,NEESHAZ@mail.com,ESP,7884408463,nopass
464,DOMANIC,DOMANIC@mail.com,POL,7884408464,nopass
465,KONNER,KONNER@mail.com,PRT,7884408465,nopass
466,ONOFRIO,ONOFRIO@mail.com,ITA,7884408466,nopass
467,MASON-TYLER,MASON-TYLER@mail.com,BEL,7884408467,nopass
468,NETHANIEL,NETHANIEL@mail.com,LTU,7884408468,nopass
469,MANEET,MANEET@mail.com,JPN,7884408469,nopass
470,ISMAEL,ISMAEL@mail.com,ISL,7884408470,nopass
471,ELLIAS,ELLIAS@mail.com,DNK,7884408471,nopass
472,YING,YING@mail.com,CYP,7884408472,nopass
473,VASILIOUS,VASILIOUS@mail.com,SWE,7884408473,nopass
474,PHI-CHAU,PHI-CHAU@mail.com,AUT,7884408474,nopass
475,RAMIZ-MUSTAFA,RAMIZ-MUSTAFA@mail.com,ISR,7884408475,nopass
476,NAMAN,NAMAN@mail.com,FIN,7884408476,nopass
477,SAXTEN,SAXTEN@mail.com,BHR,7884408477,nopass
478,DHARRAN,DHARRAN@mail.com,GRC,7884408478,nopass
479,LOUKAS,LOUKAS@mail.com,HKG,7884408479,nopass
480,SEHAJBIR,SEHAJBIR@mail.com,SGP,7884408480,nopass
481,WEISAM,WEISAM@mail.com,LBN,7884408481,nopass
482,MLADAN,MLADAN@mail.com,ARE,7884408482,nopass
483,VADDHANA,VADDHANA@mail.com,SAU,7884408483,nopass
484,ORAN,ORAN@mail.com,CZE,7884408484,nopass
485,CHRISTIFER,CHRISTIFER@mail.com,CAN,7884408485,nopass
486,FORREST,FORREST@mail.com,BRA,7884408486,nopass
487,ALDIS,ALDIS@mail.com,USA,7884408487,nopass
488,FOXX,FOXX@mail.com,European Community,7884408488,nopass
489,SENAY,SENAY@mail.com,RSA,7884408489,nopass
490,ROTTANAK,ROTTANAK@mail.com,GBR,7884408490,nopass
491,DOREN,DOREN@mail.com,FRA,7884408491,nopass
492,SHUNYO,SHUNYO@mail.com,AUS,7884408492,nopass
493,JAAK,JAAK@mail.com,NLD,7884408493,nopass
494,TAKESHI,TAKESHI@mail.com,DEU,7884408494,nopass
495,BLAIZE,BLAIZE@mail.com,NOR,7884408495,nopass
496,SHANTEL,SHANTEL@mail.com,IRL,7884408496,nopass
497,SAIHAJDEEP,SAIHAJDEEP@mail.com,CHE,7884408497,nopass
498,LIBERY,LIBERY@mail.com,ESP,7884408498,nopass
499,THIASON,THIASON@mail.com,POL,7884408499,nopass
